<assembly
	xmlns="http://maven.apache.org/plugins/maven-assembly-plugin/assembly/1.1.0"
	xmlns:xsi="http://www.w3.org/2001/XMLSchema-instance"
	xsi:schemaLocation="http://maven.apache.org/plugins/maven-assembly-plugin/assembly/1.1.0 http://maven.apache.org/xsd/assembly-1.1.0.xsd">
	<id>elk-classes</id>
	<includeBaseDirectory>false</includeBaseDirectory>
	<formats>
		<!-- the type of the archive -->
		<format>jar</format>
	</formats>
	<fileSets>
		<fileSet>
			<directory>${project.build.directory}/elk-classes</directory>
			<outputDirectory>.</outputDirectory>
		</fileSet>
	</fileSets>
</assembly>
