<assembly
	xmlns="http://maven.apache.org/plugins/maven-assembly-plugin/assembly/1.1.0"
	xmlns:xsi="http://www.w3.org/2001/XMLSchema-instance"
	xsi:schemaLocation="http://maven.apache.org/plugins/maven-assembly-plugin/assembly/1.1.0 http://maven.apache.org/xsd/assembly-1.1.0.xsd">
	<id>${elk-owlapi.assembly-id}</id>
	<formats>
		<!-- the type of the archive -->
		<format>zip</format>
	</formats>
	<fileSets>
		<fileSet>
			<!-- Example sources -->
			<directory>${examples.directory}</directory>
			<outputDirectory>examples/src</outputDirectory>
		</fileSet>
		<fileSet>
			<!-- thrird-party libraries -->
			<directory>${project.build.directory}/lib</directory>
			<outputDirectory>lib</outputDirectory>
		</fileSet>
		<fileSet>
			<!-- thrird-party licenses -->
			<directory>${project.build.directory}/generated-resources/licenses</directory>
			<outputDirectory>lib/licenses</outputDirectory>
		</fileSet>
	</fileSets>
	<files>
		<!-- the additional files to be bundled in the archive -->
		<file>
			<source>${basedir}/LICENSE.txt</source>
			<filtered>true</filtered>
		</file>
		<file>
			<source>${basedir}/target/maven-shared-archive-resources/Changes.txt</source>
			<filtered>true</filtered>
		</file>
		<file>
			<source>${basedir}/target/maven-shared-archive-resources/README.txt</source>
			<filtered>true</filtered>
		</file>
		<file>
			<source>${project.build.directory}/${elk.filename}.jar</source>
		</file>
		<file>
			<source>${project.build.directory}/${elk-sources.filename}.jar</source>
		</file>
		<file>
			<source>${project.build.directory}/generated-sources/license/THIRD-PARTY.txt</source>
			<outputDirectory>lib/</outputDirectory>
		</file>
	</files>

</assembly>
